"0","ggplot(whole, aes(x = Start_Year, y = Value))+"
"0","  geom_point(aes(color = Region_Name), size = 2)+"
"0","  geom_line(data = whole, aes(x = Start_Year, y = Value, group = Region_Name,"
"0","                              color = Region_Name), size = 1, show.legend = F)+"
"0","  # affichage de quelques dates parmi toutes les dates avec un pas de 10"
"0","  scale_x_discrete(breaks = seq(1960, 2020, 10))+"
"0","  labs(caption = ""Source : World Bank"","
"0","       title = ""Figure1 : Income growth and distribution"")+"
"0","  theme("
"0","    title = element_text(size = 10, color = ""black"", face = ""italic""),"
"0","    #legend.title = element_text(size = 0),"
"0","    legend.title = element_blank(),"
"0","    legend.position = ""top"",  "
"0","    legend.direction = ""horizontal"","
"0","    legend.justification = ""left"","
"0","    axis.title.x = element_blank(), #Suppression du titre de l'axe X"
"0","    axis.title.y = element_blank(),# Suppression du titre de l'axe Y"
"0","    axis.ticks = element_blank(), # Suppression de la graduation des axes"
"0","    panel.background = element_rect(fill = ""white""),# remplissage de la gille"
"0","    panel.grid.major.y = "
"0","      element_line(color=""#ACA8AA"", # les lignes horizontales principales en "
"0","                   # bleu clair"
"0","                   size = 0.7, linetype = 2), # linetype = 2 (tirets)"
"0","    panel.grid.major.x = element_line("
"0","      color = ""#ACA8AA"", size = 0.7, linetype = 1),"
"0","    # Ajustement de texte en bas à gauche"
"0","    plot.caption = element_text(hjust=0)"
"0","  )+"
"0","  scale_color_manual(values = c(""#0077be"", ""#5A5956"", ""#B6B6B4""))"
