"0","## Creation d'un vecteur contenant le nom des pays membre "
"0","## de la CEDEAO"
"0",""
"0","cedeao <- c(""NGA"", ""NER"", ""BEN"", ""TGO"", ""BFA"",""CPV"", ""MLI"","
"0","            ""SEN"",""GNB"",""GIN"",""GMB"", ""GHA"", ""CIV"", ""SLE"")"
"0",""
"0","# Création d'une base transitoire OUEST pour ne pas charger le code"
"0",""
"0","OUEST <- filter(base1, Region_Code1 %in% "
"0","                  c(""NGA"", ""NER"", ""BEN"", ""TGO"", ""BFA"",""CPV"", ""MLI"","
"0","                    ""SEN"",""GNB"",""GIN"",""GMB"", ""GHA"", ""CIV"", ""MRT"", "
"0","                    ""SLE""))"
"0",""
"0","western <- OUEST %>%group_by(Start_Year)%>% summarise("
"0","  Value = mean(Value, na.rm = T))"
"0",""
"0","western$Region_Name <- ""western"" # Création d'une troisième colonne"
"0",""
"0","# Changement de potion des variables"
"0","# On aurait pu utiliser la fonction names pour le faire, mais "
"0","# comme il n'y a que trois variables, on peut le faire manuellement"
"0",""
"0","western <- western[, c(""Region_Name"", ""Start_Year"", ""Value"")]"
"0",""
